{"cameraMode":{"drawMode":0,"name":"Shaded","section":"Shading Mode"},"sceneLighting":false,"audioPlay":false,"sceneViewState":{"showFog":true,"showMaterialUpdate":false,"showSkybox":false,"showFlares":true,"showImageEffects":true,"showParticleSystems":true},"in2DMode":false,"pivot":{"x":-0.0000019781291484832765,"y":0.4999987483024597,"z":-9.649999618530274},"rotation":{"x":-0.41938886046409609,"y":0.2705463767051697,"z":-0.13249462842941285,"w":-0.8563660383224487},"size":0.22658692300319673,"orthographic":false}